{"stats":{"minecraft:used":{"minecraft:diamond_boots":1,"minecraft:bookshelf":1,"minecraft:iron_axe":96,"minecraft:lectern":20,"minecraft:iron_helmet":1,"minecraft:cherry_planks":1,"minecraft:iron_boots":1,"minecraft:iron_chestplate":1,"minecraft:diamond_chestplate":1,"minecraft:cooked_porkchop":1,"minecraft:diamond_helmet":1,"minecraft:diamond_leggings":1},"minecraft:custom":{"minecraft:time_since_rest":5825,"minecraft:waystone_activated":1,"minecraft:interact_with_furnace":1,"minecraft:sprint_one_cm":47932,"minecraft:damage_taken":26,"minecraft:walk_one_cm":76642,"minecraft:interact_with_anvil":2,"minecraft:mob_kills":1,"minecraft:damage_dealt":170,"minecraft:traded_with_villager":15,"minecraft:talked_to_villager":32,"minecraft:fly_one_cm":29588,"minecraft:open_chest":21,"minecraft:crouch_one_cm":414,"minecraft:play_time":17663,"minecraft:sneak_time":104,"minecraft:jump":101,"minecraft:time_since_death":17663,"minecraft:sleep_in_bed":1,"minecraft:total_world_time":17663,"minecraft:fall_one_cm":267},"minecraft:crafted":{"minecraft:cherry_planks":260,"minecraft:emerald":14,"minecraft:stick":512,"minecraft:bookshelf":1,"minecraft:air":0},"minecraft:mined":{"minecraft:cherry_planks":1,"minecraft:cherry_log":73,"minecraft:bookshelf":1,"minecraft:lectern":18},"minecraft:picked_up":{"minecraft:book":3,"minecraft:stick":2,"minecraft:cherry_planks":1,"minecraft:cherry_log":65,"minecraft:string":1,"minecraft:iron_axe":1,"minecraft:diamond_shovel":1,"minecraft:diamond_chestplate":1,"minecraft:diamond_leggings":1,"minecraft:diamond_boots":1,"minecraft:cherry_sapling":13,"minecraft:iron_pickaxe":3,"minecraft:diamond_helmet":1,"minecraft:lectern":20},"minecraft:killed":{"minecraft:spider":1}},"DataVersion":3465}