{"stats":{"minecraft:used":{"minecraft:diamond_chestplate":1,"minecraft:diamond_helmet":1,"minecraft:iron_chestplate":1,"minecraft:iron_helmet":1,"minecraft:diamond_boots":1,"minecraft:iron_boots":1,"minecraft:diamond_leggings":1},"minecraft:custom":{"minecraft:jump":30,"minecraft:open_chest":11,"minecraft:time_since_rest":5663,"minecraft:interact_with_furnace":1,"minecraft:sprint_one_cm":11147,"minecraft:play_time":5663,"minecraft:damage_taken":12,"minecraft:time_since_death":5663,"minecraft:walk_one_cm":23561,"minecraft:total_world_time":5663,"minecraft:fall_one_cm":267,"minecraft:fly_one_cm":9349},"minecraft:picked_up":{"minecraft:diamond_helmet":1,"minecraft:iron_pickaxe":1,"minecraft:diamond_chestplate":1,"minecraft:diamond_leggings":1,"minecraft:diamond_boots":1}},"DataVersion":3465}