{"stats":{"minecraft:mined":{"minecraft:grass_block":1},"minecraft:custom":{"minecraft:jump":14,"minecraft:open_chest":3,"minecraft:time_since_rest":2583,"minecraft:leave_game":1,"minecraft:crouch_one_cm":13,"minecraft:sprint_one_cm":6838,"minecraft:play_time":2583,"minecraft:time_since_death":2583,"minecraft:walk_one_cm":3472,"minecraft:sneak_time":33,"minecraft:total_world_time":2834,"minecraft:talked_to_villager":10,"minecraft:fly_one_cm":4719},"minecraft:used":{"minecraft:dirt":1},"minecraft:picked_up":{"minecraft:dirt":1}},"DataVersion":3465}