{"stats":{"minecraft:custom":{"minecraft:time_since_rest":1,"minecraft:interact_with_furnace":4,"minecraft:sprint_one_cm":22222,"minecraft:damage_taken":600,"minecraft:walk_one_cm":31017,"minecraft:drop":1,"minecraft:damage_dealt":4,"minecraft:swim_one_cm":7691,"minecraft:interact_with_crafting_table":6,"minecraft:fly_one_cm":39724,"minecraft:open_chest":9,"minecraft:crouch_one_cm":10806,"minecraft:play_time":21072,"minecraft:deaths":2,"minecraft:sneak_time":5040,"minecraft:walk_under_water_one_cm":1809,"minecraft:jump":273,"minecraft:leave_game":2,"minecraft:time_since_death":697,"minecraft:walk_on_water_one_cm":2121,"minecraft:total_world_time":21072,"minecraft:climb_one_cm":308,"minecraft:fall_one_cm":13738},"minecraft:crafted":{"minecraft:oak_planks":28,"minecraft:crafting_table":1,"minecraft:stick":8,"minecraft:iron_ingot":3,"minecraft:iron_pickaxe":1,"minecraft:stone_pickaxe":1,"minecraft:furnace":1,"minecraft:jungle_planks":4},"minecraft:mined":{"minecraft:furnace":1,"minecraft:iron_ore":22,"minecraft:andesite":36,"minecraft:crafting_table":4,"minecraft:torch":3,"minecraft:granite":18,"minecraft:grass":21,"minecraft:oak_log":9,"minecraft:coal_ore":41,"minecraft:vine":2,"minecraft:jungle_log":1,"minecraft:gravel":18,"minecraft:dripstone_block":1,"minecraft:dirt":1,"minecraft:copper_ore":11,"minecraft:stone":157,"minecraft:diorite":39,"minecraft:oak_leaves":1,"minecraft:wall_torch":4,"minecraft:deepslate":30,"minecraft:fern":6},"minecraft:broken":{"minecraft:stone_pickaxe":1},"minecraft:picked_up":{"minecraft:raw_iron":22,"minecraft:crafting_table":4,"minecraft:jungle_log":1,"minecraft:andesite":36,"minecraft:torch":8,"minecraft:dripstone_block":1,"minecraft:gravel":29,"minecraft:flint":1,"minecraft:oak_log":8,"minecraft:diorite":39,"minecraft:dirt":1,"minecraft:raw_copper":32,"minecraft:wheat_seeds":2,"minecraft:cobbled_deepslate":29,"minecraft:granite":18,"minecraft:iron_ingot":1,"minecraft:oak_sapling":3,"minecraft:coal":81,"minecraft:cobblestone":157,"minecraft:furnace":1},"minecraft:dropped":{"tombstone:grave_dust":1},"minecraft:used":{"minecraft:iron_axe":16,"minecraft:stone_pickaxe":131,"minecraft:iron_pickaxe":237,"minecraft:wooden_pickaxe":4,"minecraft:iron_sword":1,"minecraft:torch":4,"minecraft:crafting_table":3,"minecraft:furnace":1,"tombstone:gift":2}},"DataVersion":3465}