{"stats":{"minecraft:custom":{"minecraft:interact_with_furnace":4,"minecraft:interact_with_crafting_table":6,"minecraft:leave_game":3,"minecraft:time_since_death":419,"minecraft:climb_one_cm":308,"minecraft:time_since_rest":1,"minecraft:sprint_one_cm":35852,"minecraft:damage_taken":990,"minecraft:walk_one_cm":46803,"minecraft:drop":3,"minecraft:damage_dealt":4,"minecraft:swim_one_cm":13803,"minecraft:fly_one_cm":53090,"minecraft:open_chest":11,"minecraft:crouch_one_cm":20594,"minecraft:play_time":32280,"minecraft:deaths":3,"minecraft:sneak_time":8031,"minecraft:walk_under_water_one_cm":2648,"minecraft:jump":348,"minecraft:walk_on_water_one_cm":4396,"minecraft:total_world_time":32280,"minecraft:fall_one_cm":20936},"minecraft:killed_by":{"minecraft:warden":1},"minecraft:crafted":{"minecraft:oak_planks":28,"minecraft:crafting_table":1,"minecraft:furnace":1,"minecraft:jungle_planks":4,"minecraft:stick":8,"minecraft:iron_ingot":3,"minecraft:iron_pickaxe":1,"minecraft:stone_pickaxe":1},"minecraft:mined":{"minecraft:comparator":1,"minecraft:crafting_table":4,"minecraft:torch":3,"minecraft:granite":18,"minecraft:jungle_log":1,"minecraft:sculk_sensor":1,"minecraft:lectern":1,"minecraft:glass":1,"minecraft:deepslate_bricks":4,"minecraft:copper_ore":11,"minecraft:deepslate_tile_stairs":1,"minecraft:cracked_deepslate_bricks":2,"minecraft:diorite":39,"minecraft:wall_torch":4,"minecraft:gray_wool":2,"minecraft:furnace":1,"minecraft:iron_ore":22,"minecraft:andesite":36,"minecraft:grass":21,"minecraft:coal_ore":41,"minecraft:oak_log":9,"minecraft:vine":2,"minecraft:gravel":18,"minecraft:dripstone_block":1,"minecraft:dirt":22,"minecraft:gray_carpet":12,"minecraft:stone":157,"minecraft:oak_leaves":1,"minecraft:deepslate":31,"minecraft:fern":6},"minecraft:broken":{"minecraft:stone_pickaxe":1},"minecraft:picked_up":{"minecraft:crafting_table":4,"minecraft:andesite":36,"minecraft:jungle_log":1,"minecraft:flint":1,"minecraft:oak_log":8,"minecraft:dirt":21,"minecraft:raw_copper":32,"minecraft:gray_carpet":1,"minecraft:wheat_seeds":2,"minecraft:cobbled_deepslate":30,"minecraft:iron_ingot":1,"minecraft:lectern":1,"minecraft:furnace":1,"minecraft:raw_iron":22,"minecraft:torch":8,"minecraft:dripstone_block":1,"minecraft:gravel":29,"minecraft:diorite":39,"minecraft:deepslate_tile_stairs":1,"minecraft:granite":18,"minecraft:oak_sapling":3,"minecraft:coal":81,"minecraft:cobblestone":157},"minecraft:dropped":{"minecraft:diorite":39,"tombstone:grave_dust":1,"minecraft:gray_carpet":1},"minecraft:used":{"minecraft:stone_pickaxe":131,"minecraft:wooden_pickaxe":4,"minecraft:iron_sword":13,"minecraft:torch":4,"minecraft:glow_berries":7,"minecraft:dirt":17,"minecraft:crafting_table":3,"minecraft:iron_axe":20,"minecraft:iron_pickaxe":245,"minecraft:gravel":4,"minecraft:potion":1,"minecraft:furnace":1,"tombstone:gift":2}},"DataVersion":3465}