{"stats":{"minecraft:custom":{"minecraft:time_since_rest":7399,"minecraft:open_chest":6,"minecraft:crouch_one_cm":4502,"minecraft:play_time":7399,"minecraft:sprint_one_cm":3165,"minecraft:damage_taken":10,"minecraft:walk_one_cm":10393,"minecraft:sneak_time":1867,"minecraft:walk_under_water_one_cm":941,"minecraft:jump":37,"minecraft:time_since_death":7399,"minecraft:walk_on_water_one_cm":129,"minecraft:total_world_time":7399,"minecraft:climb_one_cm":58,"minecraft:swim_one_cm":2001,"minecraft:interact_with_crafting_table":1,"minecraft:fall_one_cm":1022,"minecraft:fly_one_cm":5487},"minecraft:crafted":{"minecraft:oak_planks":8,"minecraft:crafting_table":1,"minecraft:stick":8,"minecraft:stone_pickaxe":1,"minecraft:jungle_planks":4},"minecraft:mined":{"minecraft:granite":5,"minecraft:coal_ore":19,"minecraft:oak_log":2,"minecraft:vine":2,"minecraft:jungle_log":1,"minecraft:dripstone_block":1,"minecraft:iron_ore":4,"minecraft:stone":80},"minecraft:picked_up":{"minecraft:raw_iron":4,"minecraft:jungle_log":1,"minecraft:dripstone_block":1,"minecraft:granite":5,"minecraft:oak_log":2,"minecraft:coal":19,"minecraft:cobblestone":80},"minecraft:used":{"minecraft:crafting_table":1,"minecraft:stone_pickaxe":105,"minecraft:wooden_pickaxe":4}},"DataVersion":3465}