{"stats":{"minecraft:crafted":{"minecraft:jungle_button":1,"minecraft:oak_planks":200,"minecraft:smooth_stone":3,"minecraft:cherry_slab":24,"minecraft:stone":174,"minecraft:bookshelf":3,"snifferplus:stone_pine_boat":1,"minecraft:cooked_mutton":3,"snifferplus:stone_pine_planks":24,"minecraft:iron_boots":2,"minecraft:chest":13,"minecraft:oak_slab":6,"sophisticatedbackpacks:backpack":1,"minecraft:emerald":316,"minecraft:cooked_porkchop":36,"minecraft:crafting_table":7,"minecraft:wooden_pickaxe":1,"minecraft:iron_helmet":38,"minecraft:lectern":3,"minecraft:iron_chestplate":1,"minecraft:cherry_sign":3,"minecraft:diamond_pickaxe":1,"minecraft:shield":2,"minecraft:stick":9772,"minecraft:iron_ingot":103,"minecraft:iron_pickaxe":4,"minecraft:iron_block":3,"minecraft:gold_ingot":19,"minecraft:golden_carrot":2,"minecraft:cherry_planks":5236,"minecraft:stone_shovel":36,"minecraft:iron_nugget":9,"minecraft:furnace":10,"minecraft:blast_furnace":1,"minecraft:cherry_trapdoor":12,"minecraft:iron_axe":7,"taxov:marine_axe":1,"minecraft:stone_pickaxe":1,"minecraft:wheat":126,"minecraft:cooked_beef":20,"minecraft:iron_sword":1,"minecraft:bell":4,"minecraft:stone_axe":35,"minecraft:enchanted_book":2,"minecraft:bread":42,"minecraft:air":0,"minecraft:jungle_planks":12,"minecraft:oak_boat":2,"minecraft:golden_apple":2,"minecraft:gold_nugget":18,"minecraft:iron_shovel":1,"minecraft:iron_leggings":23,"minecraft:anvil":1,"minecraft:white_bed":4,"minecraft:torch":72},"minecraft:dropped":{"minecraft:soul_sand":4,"minecraft:porkchop":4,"minecraft:oak_log":14,"minecraft:glow_ink_sac":3,"minecraft:jungle_planks":2,"minecraft:flint":3,"minecraft:dirt":7,"minecraft:mutton":2,"minecraft:jungle_sapling":3,"minecraft:gold_nugget":16,"minecraft:sand":3,"minecraft:iron_pickaxe":1,"minecraft:white_wool":11,"minecraft:bone":29,"minecraft:gravel":1,"minecraft:stone_axe":42,"minecraft:iron_nugget":9,"minecraft:cobbled_deepslate":5,"minecraft:cherry_sapling":87,"minecraft:rotten_flesh":25,"minecraft:oak_planks":2,"minecraft:glowstone_dust":1,"minecraft:acacia_sapling":2,"minecraft:ladder":1,"minecraft:beef":13,"minecraft:egg":1,"minecraft:enchanted_book":1,"minecraft:wheat_seeds":22,"minecraft:feather":1,"minecraft:iron_helmet":31,"minecraft:cobblestone":4,"minecraft:book":18,"minecraft:stick":20,"minecraft:diorite":7,"minecraft:melon_slice":7,"tombstone:grave_dust":9,"minecraft:iron_leggings":12,"minecraft:pink_petals":16,"minecraft:moss_carpet":8,"snifferplus:stone_pine_planks":1,"minecraft:cocoa_beans":6,"minecraft:stone_shovel":36,"minecraft:chicken":1,"minecraft:bundle":1,"minecraft:andesite":6,"minecraft:oak_sapling":10,"minecraft:spider_eye":2,"minecraft:stone_pickaxe":1,"minecraft:bow":2,"sophisticatedbackpacks:copper_backpack":1,"minecraft:wooden_pickaxe":1,"minecraft:magma_block":3},"minecraft:picked_up":{"minecraft:smithing_table":2,"minecraft:enchanted_book":2,"minecraft:string":6,"minecraft:cobbled_deepslate":12,"minecraft:iron_pickaxe":1,"minecraft:melon_slice":121,"minecraft:furnace":3,"snifferplus:stone_pine_planks":2,"minecraft:stick":540,"minecraft:torch":8,"minecraft:porkchop":43,"minecraft:cherry_log":1380,"tombstone:grave_dust":13,"minecraft:diorite":7,"morevillagers:hunting_post":5,"minecraft:golden_chestplate":1,"minecraft:orange_bed":4,"minecraft:rotten_flesh":38,"minecraft:cobblestone":935,"minecraft:pink_petals":32,"minecraft:magma_block":11,"minecraft:feather":1,"minecraft:cherry_planks":87,"minecraft:andesite":24,"minecraft:jungle_log":38,"paraglider:spirit_orb":4,"minecraft:flint":11,"minecraft:wither_skeleton_skull":2,"minecraft:lantern":3,"minecraft:dirt":211,"minecraft:bone":31,"morevillagers:oceanography_table":1,"minecraft:bow":3,"minecraft:wheat_seeds":38,"minecraft:raw_gold":14,"minecraft:bamboo":2,"minecraft:fletching_table":10,"minecraft:glowstone_dust":2,"minecraft:oak_planks":7,"minecraft:sand":3,"minecraft:bundle":2,"snifferplus:stone_pine_log":6,"minecraft:diamond":1,"waystones:waystone":1,"minecraft:granite":19,"minecraft:golden_apple":1,"minecraft:emerald":135,"minecraft:oak_sapling":29,"minecraft:cherry_slab":32,"morevillagers:blueprint_table":1,"minecraft:cocoa_beans":6,"minecraft:crafting_table":8,"minecraft:chicken":1,"minecraft:ladder":1,"minecraft:moss_carpet":11,"morevillagers:gardening_table":2,"minecraft:beef":54,"minecraft:jungle_sapling":3,"minecraft:poppy":6,"minecraft:lectern":156,"minecraft:chest":2,"minecraft:cherry_trapdoor":8,"minecraft:egg":2,"minecraft:raw_iron":132,"minecraft:spruce_fence":1,"minecraft:arrow":21,"minecraft:hay_block":8,"sophisticatedbackpacks:copper_backpack":1,"minecraft:mutton":5,"minecraft:white_wool":27,"snifferplus:stone_pine_sapling":10,"minecraft:glow_ink_sac":3,"minecraft:leather":33,"minecraft:oak_log":87,"minecraft:yellow_bed":13,"snifferplus:stone_pine_boat":1,"minecraft:iron_ingot":8,"minecraft:cherry_sign":1,"minecraft:glass_bottle":1,"minecraft:soul_sand":3,"minecraft:acacia_sapling":3,"minecraft:book":54,"minecraft:dark_oak_slab":1,"minecraft:dandelion":1,"minecraft:dripstone_block":1,"minecraft:gravel":71,"minecraft:blast_furnace":2,"minecraft:white_bed":20,"minecraft:spider_eye":2,"minecraft:diamond_shovel":2,"minecraft:stone_axe":8,"minecraft:painting":2,"minecraft:cherry_sapling":752,"minecraft:coal":206},"minecraft:mined":{"minecraft:white_bed":20,"minecraft:oak_sapling":14,"minecraft:cherry_log":1459,"minecraft:cherry_trapdoor":10,"minecraft:granite":19,"minecraft:grass_block":100,"minecraft:jungle_log":37,"minecraft:spawner":2,"snifferplus:stone_pine_log":6,"minecraft:magma_block":9,"minecraft:iron_ore":68,"minecraft:moss_carpet":2,"minecraft:fletching_table":5,"minecraft:dirt_path":4,"morevillagers:blueprint_table":1,"minecraft:orange_bed":4,"minecraft:soul_fire":4,"minecraft:torch":1,"minecraft:jungle_stairs":1,"minecraft:blast_furnace":2,"minecraft:poppy":5,"minecraft:melon":24,"minecraft:chest":2,"minecraft:cobblestone":178,"minecraft:oak_planks":4,"minecraft:wall_torch":4,"minecraft:cherry_slab":32,"minecraft:pink_petals":12,"minecraft:dark_oak_slab":1,"minecraft:grass":191,"minecraft:oak_log":41,"snifferplus:stone_pine_leaves":6,"minecraft:sand":3,"minecraft:dirt":92,"minecraft:oak_leaves":5,"minecraft:deepslate":12,"minecraft:deepslate_diamond_ore":1,"minecraft:cherry_sapling":6,"snifferplus:ivy_body":1,"morevillagers:gardening_table":1,"minecraft:spruce_fence":1,"minecraft:decorated_pot":3,"minecraft:large_fern":5,"minecraft:cherry_wall_sign":1,"minecraft:hay_block":8,"minecraft:furnace":3,"minecraft:andesite":25,"morevillagers:hunting_post":3,"minecraft:bookshelf":12,"minecraft:deepslate_iron_ore":22,"minecraft:vine":15,"minecraft:lantern":2,"snifferplus:tall_fiddlefern":1,"minecraft:stone":797,"minecraft:white_wool":3,"minecraft:smithing_table":1,"minecraft:cherry_planks":76,"minecraft:soul_sand":3,"minecraft:dandelion":1,"minecraft:crafting_table":10,"morevillagers:oceanography_table":1,"minecraft:lectern":155,"minecraft:tall_grass":20,"minecraft:deepslate_coal_ore":3,"minecraft:deepslate_gold_ore":8,"minecraft:diorite":8,"snifferplus:ivy_head":2,"minecraft:yellow_bed":13,"minecraft:coal_ore":142,"minecraft:cherry_leaves":2,"minecraft:flower_pot":1,"minecraft:gravel":82,"minecraft:dripstone_block":1,"minecraft:gold_ore":6,"minecraft:fern":34},"minecraft:broken":{"minecraft:iron_boots":1,"taxov:marine_axe":1,"minecraft:iron_axe":6,"minecraft:iron_pickaxe":3},"minecraft:killed_by":{"minecraft:ghast":1,"minecraft:creeper":1,"minecraft:zombie":4,"minecraft:player":1,"minecraft:skeleton":2},"minecraft:custom":{"minecraft:interact_with_crafting_table":85,"minecraft:open_barrel":11,"minecraft:leave_game":31,"minecraft:time_since_death":85334,"minecraft:sprint_one_cm":1775041,"minecraft:damage_blocked_by_shield":2625,"minecraft:drop":211,"minecraft:talked_to_villager":446,"minecraft:play_time":554012,"minecraft:deaths":10,"minecraft:jump":7880,"minecraft:interact_with_brewingstand":12,"minecraft:walk_on_water_one_cm":45534,"minecraft:interact_with_furnace":117,"minecraft:traded_with_villager":456,"minecraft:sleep_in_bed":18,"minecraft:waystone_activated":1,"minecraft:damage_dealt":23073,"minecraft:crouch_one_cm":101398,"tombstone:undead_killed":62,"minecraft:interact_with_smithing_table":3,"minecraft:mob_kills":150,"minecraft:interact_with_anvil":4,"minecraft:damage_dealt_resisted":120,"minecraft:climb_one_cm":4186,"minecraft:walk_one_cm":1182508,"minecraft:sneak_time":32768,"minecraft:walk_under_water_one_cm":61386,"minecraft:boat_one_cm":496244,"minecraft:total_world_time":554012,"tombstone:raider_killed":5,"minecraft:time_since_rest":2596,"minecraft:damage_taken":7836,"minecraft:swim_one_cm":194196,"minecraft:fly_one_cm":1604454,"minecraft:open_chest":331,"minecraft:fall_one_cm":178030},"minecraft:used":{"minecraft:cherry_sapling":214,"minecraft:moss_carpet":1,"minecraft:iron_shovel":179,"minecraft:poppy":5,"snifferplus:stone_pine_boat":2,"minecraft:chest":13,"minecraft:shield":43,"minecraft:stone":84,"minecraft:iron_sword":303,"minecraft:rotten_flesh":8,"minecraft:iron_chestplate":2,"minecraft:soul_sand":2,"minecraft:acacia_sapling":1,"minecraft:lantern":1,"minecraft:magma_block":8,"minecraft:bow":15,"minecraft:hay_block":1,"minecraft:jungle_button":1,"minecraft:furnace":12,"minecraft:oak_sapling":19,"minecraft:egg":1,"minecraft:potato":1,"minecraft:stone_pickaxe":48,"minecraft:oak_planks":11,"minecraft:wooden_pickaxe":3,"minecraft:white_wool":4,"minecraft:blast_furnace":3,"minecraft:bread":38,"minecraft:melon_slice":74,"minecraft:lectern":159,"minecraft:cherry_sign":4,"taxov:marine_axe":262,"minecraft:smithing_table":2,"minecraft:andesite":18,"minecraft:oak_boat":2,"minecraft:orange_bed":3,"minecraft:torch":65,"minecraft:dirt":79,"minecraft:anvil":1,"minecraft:granite":19,"minecraft:iron_axe":1807,"minecraft:cherry_slab":34,"minecraft:jungle_log":35,"minecraft:cherry_trapdoor":19,"minecraft:golden_carrot":4,"tombstone:gift":5,"minecraft:cooked_beef":20,"minecraft:cobbled_deepslate":7,"minecraft:cherry_log":7,"minecraft:cooked_mutton":3,"minecraft:cherry_planks":330,"minecraft:fletching_table":8,"minecraft:crafting_table":12,"morevillagers:hunting_post":1,"minecraft:white_bed":24,"minecraft:painting":1,"minecraft:diamond_pickaxe":151,"minecraft:diamond_shovel":35,"minecraft:iron_pickaxe":1157,"minecraft:stone_axe":18,"minecraft:cobblestone":379,"minecraft:cooked_porkchop":35,"minecraft:yellow_bed":13,"minecraft:dandelion":1,"minecraft:splash_potion":1},"minecraft:killed":{"minecraft:witch":3,"minecraft:spider":5,"minecraft:skeleton":23,"minecraft:chicken":1,"minecraft:pig":24,"minecraft:zombie_villager":1,"minecraft:iron_golem":1,"minecraft:creeper":1,"minecraft:sheep":14,"minecraft:zombie":38,"minecraft:ghast":2,"minecraft:cow":32,"minecraft:slime":1}},"DataVersion":3465}