{"stats":{"minecraft:crafted":{"minecraft:golden_carrot":2,"minecraft:cherry_planks":3968,"minecraft:jungle_button":1,"minecraft:smooth_stone":3,"minecraft:oak_planks":200,"minecraft:stone_shovel":36,"minecraft:cherry_slab":24,"minecraft:furnace":10,"minecraft:blast_furnace":1,"minecraft:stone":174,"minecraft:bookshelf":3,"snifferplus:stone_pine_boat":1,"minecraft:cooked_mutton":3,"minecraft:cherry_trapdoor":10,"snifferplus:stone_pine_planks":24,"minecraft:iron_boots":1,"minecraft:iron_axe":6,"taxov:marine_axe":1,"minecraft:stone_pickaxe":1,"minecraft:chest":13,"minecraft:cooked_beef":18,"minecraft:oak_slab":6,"minecraft:emerald":242,"sophisticatedbackpacks:backpack":1,"minecraft:cooked_porkchop":35,"minecraft:crafting_table":6,"minecraft:wooden_pickaxe":1,"minecraft:iron_helmet":18,"minecraft:iron_sword":1,"minecraft:stone_axe":35,"minecraft:enchanted_book":2,"minecraft:air":0,"minecraft:jungle_planks":12,"minecraft:oak_boat":2,"minecraft:lectern":3,"minecraft:iron_chestplate":1,"minecraft:diamond_pickaxe":1,"minecraft:golden_apple":1,"minecraft:gold_nugget":18,"minecraft:shield":2,"minecraft:stick":7260,"minecraft:iron_ingot":62,"minecraft:iron_pickaxe":4,"minecraft:iron_shovel":1,"minecraft:iron_leggings":1,"minecraft:gold_ingot":13,"minecraft:white_bed":4,"minecraft:torch":72},"minecraft:dropped":{"minecraft:enchanted_book":1,"minecraft:porkchop":4,"minecraft:wheat_seeds":19,"minecraft:oak_log":14,"minecraft:iron_helmet":12,"minecraft:book":18,"minecraft:jungle_planks":2,"minecraft:flint":3,"minecraft:stick":20,"minecraft:dirt":7,"minecraft:diorite":5,"minecraft:mutton":2,"minecraft:melon_slice":7,"tombstone:grave_dust":9,"minecraft:jungle_sapling":3,"minecraft:gold_nugget":16,"minecraft:sand":3,"minecraft:iron_pickaxe":1,"minecraft:pink_petals":4,"minecraft:white_wool":11,"minecraft:bone":21,"minecraft:gravel":1,"minecraft:stone_axe":42,"minecraft:moss_carpet":8,"snifferplus:stone_pine_planks":1,"minecraft:cocoa_beans":6,"minecraft:stone_shovel":36,"minecraft:cherry_sapling":23,"minecraft:rotten_flesh":20,"minecraft:oak_planks":2,"minecraft:glowstone_dust":1,"minecraft:bundle":1,"minecraft:andesite":5,"minecraft:oak_sapling":10,"minecraft:acacia_sapling":2,"minecraft:spider_eye":2,"sophisticatedbackpacks:copper_backpack":1,"minecraft:bow":1,"minecraft:beef":13,"minecraft:stone_pickaxe":1,"minecraft:wooden_pickaxe":1,"minecraft:magma_block":3},"minecraft:mined":{"minecraft:white_bed":19,"minecraft:oak_sapling":14,"minecraft:deepslate_diamond_ore":1,"minecraft:cherry_log":1137,"minecraft:cherry_sapling":5,"minecraft:cherry_trapdoor":9,"minecraft:granite":19,"snifferplus:ivy_body":1,"minecraft:spruce_fence":1,"minecraft:grass_block":97,"morevillagers:gardening_table":1,"minecraft:decorated_pot":3,"minecraft:jungle_log":37,"minecraft:spawner":2,"snifferplus:stone_pine_log":6,"minecraft:large_fern":5,"minecraft:magma_block":9,"minecraft:furnace":3,"minecraft:iron_ore":68,"minecraft:andesite":25,"minecraft:moss_carpet":2,"minecraft:fletching_table":4,"morevillagers:hunting_post":2,"minecraft:bookshelf":12,"minecraft:dirt_path":4,"minecraft:deepslate_iron_ore":22,"minecraft:vine":15,"minecraft:lantern":2,"snifferplus:tall_fiddlefern":1,"morevillagers:blueprint_table":1,"minecraft:stone":786,"minecraft:white_wool":3,"minecraft:orange_bed":4,"minecraft:smithing_table":1,"minecraft:cherry_planks":75,"minecraft:soul_sand":3,"minecraft:soul_fire":4,"minecraft:dandelion":1,"minecraft:crafting_table":10,"minecraft:jungle_stairs":1,"minecraft:blast_furnace":1,"morevillagers:oceanography_table":1,"minecraft:poppy":5,"minecraft:melon":24,"minecraft:chest":2,"minecraft:lectern":105,"minecraft:tall_grass":18,"minecraft:cobblestone":142,"minecraft:deepslate_coal_ore":3,"minecraft:deepslate_gold_ore":8,"minecraft:diorite":8,"minecraft:wall_torch":4,"minecraft:cherry_slab":32,"minecraft:pink_petals":11,"minecraft:dark_oak_slab":1,"snifferplus:ivy_head":2,"minecraft:yellow_bed":13,"minecraft:gravel":82,"minecraft:grass":185,"minecraft:coal_ore":142,"minecraft:oak_log":41,"minecraft:dirt":86,"minecraft:cherry_leaves":2,"snifferplus:stone_pine_leaves":6,"minecraft:sand":3,"minecraft:flower_pot":1,"minecraft:dripstone_block":1,"minecraft:gold_ore":6,"minecraft:oak_leaves":5,"minecraft:deepslate":12,"minecraft:fern":34},"minecraft:picked_up":{"minecraft:cocoa_beans":6,"minecraft:crafting_table":8,"minecraft:smithing_table":2,"minecraft:enchanted_book":2,"minecraft:string":6,"minecraft:moss_carpet":11,"morevillagers:gardening_table":2,"minecraft:cobbled_deepslate":12,"minecraft:beef":37,"minecraft:jungle_sapling":3,"minecraft:poppy":6,"minecraft:iron_pickaxe":1,"minecraft:lectern":106,"minecraft:melon_slice":121,"minecraft:chest":2,"minecraft:cherry_trapdoor":8,"minecraft:furnace":3,"minecraft:egg":1,"snifferplus:stone_pine_planks":2,"minecraft:stick":427,"minecraft:raw_iron":132,"minecraft:torch":6,"minecraft:spruce_fence":1,"minecraft:porkchop":39,"minecraft:cherry_log":1063,"tombstone:grave_dust":11,"minecraft:diorite":7,"morevillagers:hunting_post":4,"minecraft:golden_chestplate":1,"minecraft:orange_bed":4,"minecraft:arrow":21,"minecraft:rotten_flesh":33,"sophisticatedbackpacks:copper_backpack":1,"minecraft:mutton":5,"minecraft:white_wool":27,"minecraft:cobblestone":888,"minecraft:pink_petals":29,"minecraft:magma_block":11,"minecraft:cherry_planks":86,"snifferplus:stone_pine_sapling":10,"minecraft:glow_ink_sac":3,"minecraft:andesite":24,"minecraft:jungle_log":38,"minecraft:leather":22,"paraglider:spirit_orb":4,"minecraft:flint":11,"minecraft:oak_log":87,"minecraft:yellow_bed":13,"minecraft:dirt":202,"minecraft:lantern":2,"minecraft:bone":31,"morevillagers:oceanography_table":1,"snifferplus:stone_pine_boat":1,"minecraft:bow":3,"minecraft:wheat_seeds":38,"minecraft:raw_gold":14,"minecraft:iron_ingot":8,"minecraft:fletching_table":9,"minecraft:glass_bottle":1,"minecraft:glowstone_dust":2,"minecraft:oak_planks":3,"minecraft:acacia_sapling":3,"minecraft:soul_sand":3,"minecraft:book":54,"minecraft:dark_oak_slab":1,"minecraft:dandelion":1,"minecraft:dripstone_block":1,"minecraft:gravel":71,"minecraft:sand":3,"minecraft:blast_furnace":1,"minecraft:white_bed":19,"minecraft:spider_eye":2,"minecraft:bundle":1,"minecraft:diamond_shovel":2,"minecraft:diamond":1,"snifferplus:stone_pine_log":6,"minecraft:stone_axe":8,"minecraft:painting":2,"minecraft:granite":19,"minecraft:cherry_sapling":542,"minecraft:emerald":34,"minecraft:oak_sapling":29,"minecraft:cherry_slab":32,"morevillagers:blueprint_table":1,"minecraft:coal":206},"minecraft:broken":{"taxov:marine_axe":1,"minecraft:iron_boots":1,"minecraft:iron_axe":5,"minecraft:iron_pickaxe":3},"minecraft:killed_by":{"minecraft:ghast":1,"minecraft:player":1,"minecraft:creeper":1,"minecraft:skeleton":2,"minecraft:zombie":4},"minecraft:custom":{"minecraft:interact_with_smithing_table":3,"minecraft:mob_kills":130,"minecraft:interact_with_crafting_table":67,"minecraft:open_barrel":11,"minecraft:damage_dealt_resisted":120,"minecraft:leave_game":31,"minecraft:time_since_death":1915,"minecraft:climb_one_cm":4186,"minecraft:sprint_one_cm":1434696,"minecraft:walk_one_cm":998509,"minecraft:damage_blocked_by_shield":2625,"minecraft:drop":162,"minecraft:talked_to_villager":275,"minecraft:play_time":470593,"minecraft:sneak_time":29644,"minecraft:deaths":10,"minecraft:walk_under_water_one_cm":61386,"minecraft:boat_one_cm":496244,"minecraft:jump":6749,"minecraft:walk_on_water_one_cm":45434,"minecraft:total_world_time":470593,"minecraft:interact_with_furnace":104,"minecraft:traded_with_villager":336,"minecraft:sleep_in_bed":15,"minecraft:time_since_rest":429,"minecraft:waystone_activated":1,"minecraft:damage_taken":7193,"minecraft:damage_dealt":20104,"minecraft:swim_one_cm":194196,"minecraft:fly_one_cm":1348022,"minecraft:crouch_one_cm":91432,"tombstone:undead_killed":55,"minecraft:open_chest":278,"minecraft:fall_one_cm":157803},"minecraft:used":{"minecraft:cherry_sapling":135,"minecraft:moss_carpet":1,"minecraft:iron_shovel":179,"minecraft:poppy":5,"snifferplus:stone_pine_boat":2,"minecraft:chest":13,"minecraft:shield":43,"minecraft:stone":78,"minecraft:iron_sword":280,"minecraft:rotten_flesh":3,"minecraft:orange_bed":3,"minecraft:torch":64,"minecraft:iron_chestplate":2,"minecraft:soul_sand":2,"minecraft:dirt":73,"minecraft:acacia_sapling":1,"minecraft:granite":19,"minecraft:iron_axe":1385,"minecraft:cherry_slab":34,"minecraft:jungle_log":35,"minecraft:cherry_trapdoor":18,"minecraft:golden_carrot":4,"minecraft:magma_block":8,"minecraft:bow":15,"minecraft:jungle_button":1,"minecraft:oak_sapling":19,"minecraft:furnace":12,"tombstone:gift":5,"minecraft:egg":1,"minecraft:potato":1,"minecraft:cooked_beef":18,"minecraft:cobbled_deepslate":7,"minecraft:cherry_log":7,"minecraft:cooked_mutton":3,"minecraft:stone_pickaxe":48,"minecraft:oak_planks":11,"minecraft:wooden_pickaxe":3,"minecraft:cherry_planks":329,"minecraft:fletching_table":7,"minecraft:white_wool":4,"minecraft:crafting_table":11,"minecraft:blast_furnace":2,"minecraft:white_bed":23,"minecraft:painting":1,"minecraft:diamond_pickaxe":102,"minecraft:diamond_shovel":26,"minecraft:iron_pickaxe":1157,"minecraft:melon_slice":74,"minecraft:bread":16,"minecraft:lectern":109,"taxov:marine_axe":262,"minecraft:stone_axe":18,"minecraft:cobblestone":343,"minecraft:cooked_porkchop":35,"minecraft:smithing_table":2,"minecraft:andesite":18,"minecraft:yellow_bed":13,"minecraft:oak_boat":2,"minecraft:dandelion":1},"minecraft:killed":{"minecraft:witch":3,"minecraft:spider":5,"minecraft:slime":1,"minecraft:skeleton":23,"minecraft:pig":22,"minecraft:zombie_villager":1,"minecraft:iron_golem":1,"minecraft:creeper":1,"minecraft:sheep":14,"minecraft:zombie":31,"minecraft:ghast":2,"minecraft:cow":22}},"DataVersion":3465}