{"stats":{"minecraft:custom":{"minecraft:interact_with_smithing_table":3,"minecraft:mob_kills":111,"minecraft:interact_with_crafting_table":59,"minecraft:open_barrel":11,"minecraft:damage_dealt_resisted":120,"minecraft:leave_game":25,"minecraft:time_since_death":94594,"minecraft:climb_one_cm":4186,"minecraft:sprint_one_cm":1231863,"minecraft:walk_one_cm":814786,"minecraft:damage_blocked_by_shield":2385,"minecraft:drop":149,"minecraft:talked_to_villager":227,"minecraft:play_time":399677,"minecraft:sneak_time":27050,"minecraft:deaths":7,"minecraft:walk_under_water_one_cm":46082,"minecraft:boat_one_cm":496244,"minecraft:jump":5819,"minecraft:walk_on_water_one_cm":35057,"minecraft:total_world_time":399677,"minecraft:interact_with_furnace":85,"minecraft:traded_with_villager":185,"minecraft:sleep_in_bed":11,"minecraft:time_since_rest":13261,"minecraft:waystone_activated":1,"minecraft:damage_taken":5384,"minecraft:damage_dealt":16879,"minecraft:swim_one_cm":187938,"minecraft:fly_one_cm":1191751,"minecraft:open_chest":192,"minecraft:crouch_one_cm":83043,"tombstone:undead_killed":40,"minecraft:fall_one_cm":142283},"minecraft:killed_by":{"minecraft:creeper":1,"minecraft:skeleton":2,"minecraft:zombie":3},"minecraft:crafted":{"minecraft:golden_carrot":2,"minecraft:cherry_planks":2240,"minecraft:jungle_button":1,"minecraft:smooth_stone":3,"minecraft:oak_planks":200,"minecraft:stone_shovel":36,"minecraft:cherry_slab":24,"minecraft:furnace":10,"minecraft:blast_furnace":1,"minecraft:stone":174,"minecraft:bookshelf":3,"snifferplus:stone_pine_boat":1,"minecraft:cherry_trapdoor":10,"snifferplus:stone_pine_planks":24,"minecraft:iron_boots":1,"minecraft:iron_axe":5,"taxov:marine_axe":1,"minecraft:stone_pickaxe":1,"minecraft:chest":13,"minecraft:cooked_beef":18,"minecraft:oak_slab":6,"minecraft:emerald":110,"sophisticatedbackpacks:backpack":1,"minecraft:cooked_porkchop":32,"minecraft:crafting_table":6,"minecraft:iron_helmet":1,"minecraft:wooden_pickaxe":1,"minecraft:iron_sword":1,"minecraft:stone_axe":35,"minecraft:enchanted_book":1,"minecraft:air":0,"minecraft:jungle_planks":12,"minecraft:oak_boat":2,"minecraft:lectern":3,"minecraft:iron_chestplate":1,"minecraft:golden_apple":1,"minecraft:gold_nugget":18,"minecraft:shield":2,"minecraft:stick":3756,"minecraft:iron_ingot":62,"minecraft:iron_pickaxe":4,"minecraft:iron_shovel":1,"minecraft:iron_leggings":1,"minecraft:gold_ingot":13,"minecraft:white_bed":4,"minecraft:torch":72},"minecraft:mined":{"minecraft:white_bed":17,"minecraft:oak_sapling":14,"minecraft:cherry_log":1136,"minecraft:cherry_sapling":5,"minecraft:cherry_trapdoor":9,"minecraft:granite":19,"snifferplus:ivy_body":1,"minecraft:grass_block":97,"minecraft:spruce_fence":1,"morevillagers:gardening_table":1,"minecraft:decorated_pot":3,"minecraft:jungle_log":37,"minecraft:spawner":2,"snifferplus:stone_pine_log":6,"minecraft:large_fern":5,"minecraft:magma_block":9,"minecraft:furnace":3,"minecraft:iron_ore":27,"minecraft:andesite":24,"minecraft:moss_carpet":2,"minecraft:fletching_table":4,"morevillagers:hunting_post":2,"minecraft:bookshelf":8,"minecraft:dirt_path":4,"minecraft:deepslate_iron_ore":22,"minecraft:vine":15,"minecraft:lantern":2,"snifferplus:tall_fiddlefern":1,"morevillagers:blueprint_table":1,"minecraft:stone":766,"minecraft:white_wool":3,"minecraft:orange_bed":1,"minecraft:smithing_table":1,"minecraft:cherry_planks":53,"minecraft:dandelion":1,"minecraft:crafting_table":10,"minecraft:jungle_stairs":1,"minecraft:blast_furnace":1,"morevillagers:oceanography_table":1,"minecraft:poppy":5,"minecraft:melon":24,"minecraft:chest":2,"minecraft:lectern":94,"minecraft:tall_grass":16,"minecraft:cobblestone":142,"minecraft:deepslate_coal_ore":3,"minecraft:deepslate_gold_ore":8,"minecraft:diorite":5,"minecraft:wall_torch":4,"minecraft:cherry_slab":32,"minecraft:pink_petals":10,"minecraft:dark_oak_slab":1,"snifferplus:ivy_head":2,"minecraft:yellow_bed":13,"minecraft:cherry_leaves":2,"minecraft:grass":184,"minecraft:oak_log":41,"minecraft:coal_ore":114,"minecraft:gravel":82,"minecraft:dirt":86,"snifferplus:stone_pine_leaves":6,"minecraft:sand":3,"minecraft:flower_pot":1,"minecraft:dripstone_block":1,"minecraft:gold_ore":6,"minecraft:oak_leaves":5,"minecraft:deepslate":6,"minecraft:fern":34},"minecraft:broken":{"taxov:marine_axe":1,"minecraft:iron_axe":5,"minecraft:iron_pickaxe":3},"minecraft:killed":{"minecraft:witch":3,"minecraft:spider":4,"minecraft:slime":1,"minecraft:skeleton":17,"minecraft:pig":22,"minecraft:iron_golem":1,"minecraft:sheep":14,"minecraft:zombie":23,"minecraft:cow":22},"minecraft:picked_up":{"minecraft:cocoa_beans":6,"minecraft:crafting_table":8,"minecraft:smithing_table":2,"minecraft:enchanted_book":2,"minecraft:string":6,"minecraft:moss_carpet":11,"morevillagers:gardening_table":2,"minecraft:cobbled_deepslate":7,"minecraft:beef":37,"minecraft:jungle_sapling":3,"minecraft:poppy":6,"minecraft:iron_pickaxe":1,"minecraft:lectern":94,"minecraft:melon_slice":121,"minecraft:chest":2,"minecraft:cherry_trapdoor":8,"minecraft:furnace":3,"minecraft:egg":1,"snifferplus:stone_pine_planks":2,"minecraft:stick":427,"minecraft:raw_iron":91,"minecraft:torch":6,"minecraft:spruce_fence":1,"minecraft:porkchop":39,"minecraft:cherry_log":1063,"tombstone:grave_dust":11,"minecraft:diorite":5,"morevillagers:hunting_post":4,"minecraft:golden_chestplate":1,"minecraft:orange_bed":1,"minecraft:arrow":18,"minecraft:rotten_flesh":23,"sophisticatedbackpacks:copper_backpack":1,"minecraft:mutton":5,"minecraft:white_wool":27,"minecraft:cobblestone":866,"minecraft:pink_petals":28,"minecraft:magma_block":11,"minecraft:cherry_planks":53,"snifferplus:stone_pine_sapling":10,"minecraft:andesite":23,"minecraft:jungle_log":38,"minecraft:leather":22,"paraglider:spirit_orb":4,"minecraft:flint":11,"minecraft:oak_log":87,"minecraft:yellow_bed":13,"minecraft:dirt":202,"minecraft:lantern":2,"minecraft:bone":24,"morevillagers:oceanography_table":1,"snifferplus:stone_pine_boat":1,"minecraft:bow":3,"minecraft:wheat_seeds":38,"minecraft:raw_gold":14,"minecraft:iron_ingot":8,"minecraft:fletching_table":9,"minecraft:glass_bottle":1,"minecraft:glowstone_dust":2,"minecraft:oak_planks":3,"minecraft:acacia_sapling":3,"minecraft:book":42,"minecraft:dark_oak_slab":1,"minecraft:dandelion":1,"minecraft:dripstone_block":1,"minecraft:gravel":71,"minecraft:sand":3,"minecraft:blast_furnace":1,"minecraft:white_bed":17,"minecraft:spider_eye":2,"minecraft:bundle":1,"minecraft:diamond_shovel":2,"snifferplus:stone_pine_log":6,"minecraft:stone_axe":8,"minecraft:granite":19,"minecraft:painting":2,"minecraft:cherry_sapling":542,"minecraft:emerald":34,"minecraft:oak_sapling":29,"minecraft:cherry_slab":32,"morevillagers:blueprint_table":1,"minecraft:coal":178},"minecraft:used":{"minecraft:cherry_sapling":135,"minecraft:moss_carpet":1,"minecraft:iron_shovel":179,"minecraft:poppy":5,"snifferplus:stone_pine_boat":2,"minecraft:chest":13,"minecraft:shield":39,"minecraft:stone":76,"minecraft:iron_sword":226,"minecraft:rotten_flesh":3,"minecraft:orange_bed":1,"minecraft:torch":47,"minecraft:iron_chestplate":2,"minecraft:dirt":73,"minecraft:acacia_sapling":1,"minecraft:granite":19,"minecraft:iron_axe":1344,"minecraft:cherry_slab":34,"minecraft:jungle_log":35,"minecraft:cherry_trapdoor":18,"minecraft:golden_carrot":2,"minecraft:magma_block":8,"minecraft:bow":2,"minecraft:jungle_button":1,"minecraft:oak_sapling":19,"minecraft:furnace":12,"tombstone:gift":4,"minecraft:egg":1,"minecraft:cooked_beef":16,"minecraft:cobbled_deepslate":7,"minecraft:cherry_log":6,"minecraft:stone_pickaxe":48,"minecraft:oak_planks":11,"minecraft:wooden_pickaxe":3,"minecraft:cherry_planks":320,"minecraft:fletching_table":7,"minecraft:white_wool":4,"minecraft:crafting_table":11,"minecraft:blast_furnace":2,"minecraft:white_bed":21,"minecraft:painting":1,"minecraft:diamond_shovel":26,"minecraft:melon_slice":74,"minecraft:bread":7,"minecraft:iron_pickaxe":1157,"minecraft:lectern":97,"taxov:marine_axe":262,"minecraft:stone_axe":18,"minecraft:cobblestone":329,"minecraft:cooked_porkchop":32,"minecraft:smithing_table":2,"minecraft:andesite":18,"minecraft:yellow_bed":13,"minecraft:oak_boat":2,"minecraft:dandelion":1},"minecraft:dropped":{"minecraft:enchanted_book":1,"minecraft:porkchop":4,"minecraft:wheat_seeds":19,"minecraft:oak_log":14,"minecraft:book":18,"minecraft:jungle_planks":2,"minecraft:flint":3,"minecraft:stick":20,"minecraft:dirt":7,"minecraft:diorite":5,"minecraft:mutton":2,"minecraft:melon_slice":7,"tombstone:grave_dust":9,"minecraft:jungle_sapling":3,"minecraft:sand":3,"minecraft:gold_nugget":16,"minecraft:iron_pickaxe":1,"minecraft:pink_petals":4,"minecraft:white_wool":11,"minecraft:bone":21,"minecraft:gravel":1,"minecraft:stone_axe":42,"minecraft:moss_carpet":8,"snifferplus:stone_pine_planks":1,"minecraft:cocoa_beans":6,"minecraft:stone_shovel":36,"minecraft:cherry_sapling":23,"minecraft:rotten_flesh":18,"minecraft:oak_planks":2,"minecraft:glowstone_dust":1,"minecraft:bundle":1,"minecraft:andesite":5,"minecraft:oak_sapling":10,"minecraft:acacia_sapling":2,"minecraft:spider_eye":2,"minecraft:stone_pickaxe":1,"minecraft:bow":1,"sophisticatedbackpacks:copper_backpack":1,"minecraft:beef":13,"minecraft:wooden_pickaxe":1,"minecraft:magma_block":3}},"DataVersion":3465}