{"stats":{"minecraft:custom":{"minecraft:interact_with_smithing_table":3,"minecraft:mob_kills":105,"minecraft:interact_with_crafting_table":56,"minecraft:open_barrel":11,"minecraft:damage_dealt_resisted":120,"minecraft:leave_game":23,"minecraft:time_since_death":59723,"minecraft:climb_one_cm":4127,"minecraft:sprint_one_cm":1068053,"minecraft:walk_one_cm":737465,"minecraft:damage_blocked_by_shield":2310,"minecraft:drop":122,"minecraft:talked_to_villager":215,"minecraft:play_time":364806,"minecraft:sneak_time":25179,"minecraft:deaths":7,"minecraft:walk_under_water_one_cm":43923,"minecraft:boat_one_cm":496244,"minecraft:jump":5309,"minecraft:walk_on_water_one_cm":33325,"minecraft:total_world_time":364806,"minecraft:interact_with_furnace":63,"minecraft:traded_with_villager":175,"minecraft:sleep_in_bed":9,"minecraft:time_since_rest":55200,"minecraft:damage_taken":4903,"minecraft:damage_dealt":14696,"minecraft:swim_one_cm":178510,"minecraft:fly_one_cm":1073968,"minecraft:open_chest":167,"minecraft:crouch_one_cm":77133,"tombstone:undead_killed":35,"minecraft:fall_one_cm":129639},"minecraft:killed_by":{"minecraft:creeper":1,"minecraft:skeleton":2,"minecraft:zombie":3},"minecraft:crafted":{"minecraft:golden_carrot":2,"minecraft:cherry_planks":2036,"minecraft:jungle_button":1,"minecraft:smooth_stone":3,"minecraft:oak_planks":200,"minecraft:stone_shovel":36,"minecraft:cherry_slab":24,"minecraft:furnace":5,"minecraft:blast_furnace":1,"minecraft:stone":8,"minecraft:bookshelf":3,"snifferplus:stone_pine_boat":1,"minecraft:cherry_trapdoor":10,"snifferplus:stone_pine_planks":24,"minecraft:iron_boots":1,"minecraft:iron_axe":4,"taxov:marine_axe":1,"minecraft:stone_pickaxe":1,"minecraft:chest":13,"minecraft:cooked_beef":9,"minecraft:oak_slab":6,"minecraft:emerald":100,"sophisticatedbackpacks:backpack":1,"minecraft:cooked_porkchop":32,"minecraft:crafting_table":6,"minecraft:iron_helmet":1,"minecraft:wooden_pickaxe":1,"minecraft:iron_sword":1,"minecraft:stone_axe":35,"minecraft:enchanted_book":1,"minecraft:air":0,"minecraft:jungle_planks":12,"minecraft:oak_boat":2,"minecraft:lectern":3,"minecraft:iron_chestplate":1,"minecraft:golden_apple":1,"minecraft:gold_nugget":18,"minecraft:shield":1,"minecraft:stick":3212,"minecraft:iron_ingot":62,"minecraft:iron_pickaxe":4,"minecraft:iron_shovel":1,"minecraft:iron_leggings":1,"minecraft:gold_ingot":13,"minecraft:white_bed":4,"minecraft:torch":48},"minecraft:mined":{"minecraft:white_bed":17,"minecraft:oak_sapling":14,"minecraft:cherry_log":626,"minecraft:cherry_sapling":5,"minecraft:cherry_trapdoor":9,"minecraft:granite":19,"snifferplus:ivy_body":1,"minecraft:grass_block":94,"minecraft:spruce_fence":1,"morevillagers:gardening_table":1,"minecraft:decorated_pot":3,"minecraft:jungle_log":37,"minecraft:spawner":2,"snifferplus:stone_pine_log":6,"minecraft:large_fern":5,"minecraft:magma_block":9,"minecraft:furnace":3,"minecraft:iron_ore":27,"minecraft:andesite":24,"minecraft:moss_carpet":2,"minecraft:fletching_table":4,"morevillagers:hunting_post":2,"minecraft:bookshelf":8,"minecraft:dirt_path":4,"minecraft:deepslate_iron_ore":22,"minecraft:vine":15,"snifferplus:tall_fiddlefern":1,"morevillagers:blueprint_table":1,"minecraft:stone":741,"minecraft:white_wool":3,"minecraft:orange_bed":1,"minecraft:smithing_table":1,"minecraft:cherry_planks":43,"minecraft:dandelion":1,"minecraft:crafting_table":9,"minecraft:jungle_stairs":1,"minecraft:blast_furnace":1,"morevillagers:oceanography_table":1,"minecraft:poppy":5,"minecraft:melon":24,"minecraft:chest":1,"minecraft:lectern":88,"minecraft:tall_grass":14,"minecraft:cobblestone":70,"minecraft:deepslate_coal_ore":3,"minecraft:deepslate_gold_ore":8,"minecraft:diorite":5,"minecraft:wall_torch":1,"minecraft:cherry_slab":32,"minecraft:pink_petals":7,"minecraft:dark_oak_slab":1,"snifferplus:ivy_head":2,"minecraft:yellow_bed":12,"minecraft:grass":169,"minecraft:oak_log":41,"minecraft:coal_ore":114,"minecraft:dripstone_block":1,"minecraft:gravel":82,"snifferplus:stone_pine_leaves":6,"minecraft:dirt":85,"minecraft:sand":3,"minecraft:flower_pot":1,"minecraft:gold_ore":6,"minecraft:oak_leaves":5,"minecraft:deepslate":6,"minecraft:fern":34},"minecraft:broken":{"taxov:marine_axe":1,"minecraft:iron_axe":2,"minecraft:iron_pickaxe":2},"minecraft:killed":{"minecraft:witch":3,"minecraft:spider":4,"minecraft:slime":1,"minecraft:skeleton":14,"minecraft:pig":22,"minecraft:sheep":14,"minecraft:zombie":21,"minecraft:cow":22},"minecraft:picked_up":{"minecraft:cocoa_beans":6,"minecraft:crafting_table":7,"minecraft:smithing_table":2,"minecraft:enchanted_book":1,"minecraft:string":6,"minecraft:moss_carpet":11,"morevillagers:gardening_table":2,"minecraft:cobbled_deepslate":7,"minecraft:beef":37,"minecraft:jungle_sapling":3,"minecraft:poppy":5,"minecraft:iron_pickaxe":1,"minecraft:lectern":88,"minecraft:melon_slice":121,"minecraft:chest":1,"minecraft:cherry_trapdoor":8,"minecraft:furnace":3,"minecraft:egg":1,"snifferplus:stone_pine_planks":2,"minecraft:stick":306,"minecraft:raw_iron":91,"minecraft:torch":3,"minecraft:spruce_fence":1,"minecraft:porkchop":39,"minecraft:cherry_log":573,"tombstone:grave_dust":8,"minecraft:diorite":5,"morevillagers:hunting_post":4,"minecraft:golden_chestplate":1,"minecraft:orange_bed":1,"minecraft:arrow":14,"minecraft:rotten_flesh":20,"sophisticatedbackpacks:copper_backpack":1,"minecraft:mutton":5,"minecraft:white_wool":27,"minecraft:cobblestone":793,"minecraft:pink_petals":17,"minecraft:magma_block":10,"minecraft:cherry_planks":43,"snifferplus:stone_pine_sapling":10,"minecraft:andesite":23,"minecraft:jungle_log":38,"minecraft:leather":22,"paraglider:spirit_orb":4,"minecraft:flint":11,"minecraft:oak_log":87,"minecraft:yellow_bed":12,"minecraft:dirt":200,"minecraft:bone":7,"morevillagers:oceanography_table":1,"snifferplus:stone_pine_boat":1,"minecraft:bow":2,"minecraft:wheat_seeds":34,"minecraft:raw_gold":14,"minecraft:iron_ingot":4,"minecraft:fletching_table":9,"minecraft:glass_bottle":1,"minecraft:glowstone_dust":2,"minecraft:oak_planks":3,"minecraft:acacia_sapling":3,"minecraft:book":42,"minecraft:dark_oak_slab":1,"minecraft:dandelion":1,"minecraft:dripstone_block":1,"minecraft:gravel":71,"minecraft:sand":3,"minecraft:blast_furnace":1,"minecraft:white_bed":17,"minecraft:spider_eye":1,"minecraft:diamond_shovel":2,"snifferplus:stone_pine_log":6,"minecraft:stone_axe":8,"minecraft:granite":19,"minecraft:painting":2,"minecraft:cherry_sapling":323,"minecraft:emerald":34,"minecraft:oak_sapling":29,"minecraft:cherry_slab":32,"morevillagers:blueprint_table":1,"minecraft:coal":178},"minecraft:dropped":{"minecraft:wheat_seeds":18,"minecraft:oak_log":14,"minecraft:book":18,"minecraft:jungle_planks":2,"minecraft:stick":20,"minecraft:dirt":6,"minecraft:diorite":5,"minecraft:mutton":2,"minecraft:melon_slice":7,"tombstone:grave_dust":3,"minecraft:jungle_sapling":3,"minecraft:pink_petals":4,"minecraft:white_wool":10,"minecraft:gravel":1,"minecraft:stone_axe":42,"minecraft:moss_carpet":8,"minecraft:cocoa_beans":6,"minecraft:stone_shovel":35,"minecraft:cherry_sapling":7,"minecraft:rotten_flesh":12,"minecraft:oak_planks":2,"minecraft:glowstone_dust":1,"minecraft:andesite":5,"minecraft:oak_sapling":10,"minecraft:acacia_sapling":2,"sophisticatedbackpacks:copper_backpack":1,"minecraft:beef":13,"minecraft:wooden_pickaxe":1,"minecraft:magma_block":1},"minecraft:used":{"minecraft:cherry_sapling":70,"minecraft:moss_carpet":1,"minecraft:iron_shovel":179,"minecraft:poppy":5,"snifferplus:stone_pine_boat":2,"minecraft:chest":13,"minecraft:shield":37,"minecraft:iron_sword":186,"minecraft:rotten_flesh":3,"minecraft:orange_bed":1,"minecraft:torch":36,"minecraft:iron_chestplate":2,"minecraft:dirt":73,"minecraft:acacia_sapling":1,"minecraft:granite":19,"minecraft:iron_axe":779,"minecraft:cherry_slab":34,"minecraft:jungle_log":35,"minecraft:cherry_trapdoor":18,"minecraft:golden_carrot":2,"minecraft:magma_block":8,"minecraft:bow":2,"minecraft:jungle_button":1,"minecraft:oak_sapling":19,"minecraft:furnace":7,"tombstone:gift":4,"minecraft:egg":1,"minecraft:cooked_beef":9,"minecraft:cobbled_deepslate":7,"minecraft:stone_pickaxe":48,"minecraft:oak_planks":11,"minecraft:wooden_pickaxe":3,"minecraft:cherry_planks":307,"minecraft:fletching_table":7,"minecraft:white_wool":4,"minecraft:crafting_table":11,"minecraft:blast_furnace":2,"minecraft:white_bed":21,"minecraft:painting":1,"minecraft:diamond_shovel":26,"minecraft:melon_slice":74,"minecraft:bread":2,"minecraft:iron_pickaxe":1056,"minecraft:lectern":91,"taxov:marine_axe":262,"minecraft:stone_axe":18,"minecraft:cobblestone":327,"minecraft:cooked_porkchop":32,"minecraft:smithing_table":2,"minecraft:andesite":18,"minecraft:yellow_bed":12,"minecraft:oak_boat":2,"minecraft:dandelion":1}},"DataVersion":3465}