{"stats":{"minecraft:custom":{"minecraft:interact_with_crafting_table":83,"minecraft:open_barrel":25,"minecraft:leave_game":4,"minecraft:time_since_death":43255,"minecraft:sprint_one_cm":1090567,"minecraft:damage_blocked_by_shield":4935,"minecraft:drop":156,"minecraft:talked_to_villager":285,"minecraft:play_time":535473,"minecraft:deaths":9,"minecraft:jump":6514,"minecraft:walk_on_water_one_cm":68203,"minecraft:interact_with_furnace":112,"minecraft:traded_with_villager":564,"minecraft:sleep_in_bed":13,"minecraft:waystone_activated":4,"minecraft:damage_dealt":26974,"minecraft:crouch_one_cm":44360,"tombstone:undead_killed":65,"minecraft:use_cauldron":11,"minecraft:interact_with_smithing_table":1,"minecraft:mob_kills":153,"minecraft:fill_cauldron":1,"minecraft:damage_dealt_resisted":148,"minecraft:climb_one_cm":8682,"minecraft:walk_one_cm":1455628,"minecraft:sneak_time":19393,"minecraft:walk_under_water_one_cm":82952,"minecraft:boat_one_cm":670276,"minecraft:total_world_time":535473,"minecraft:time_since_rest":42073,"minecraft:damage_taken":9092,"minecraft:damage_absorbed":360,"minecraft:swim_one_cm":194256,"minecraft:fly_one_cm":1200159,"minecraft:open_chest":262,"minecraft:fall_one_cm":166878},"minecraft:killed_by":{"minecraft:creeper":1,"minecraft:blaze":2,"minecraft:witch":1,"minecraft:skeleton":4},"minecraft:crafted":{"minecraft:oak_planks":628,"minecraft:cherry_slab":6,"minecraft:birch_boat":1,"minecraft:diamond_shovel":5,"minecraft:bookshelf":30,"snifferplus:stone_pine_boat":1,"snifferplus:stone_pine_planks":72,"minecraft:iron_boots":1,"minecraft:chest":1,"minecraft:cherry_fence":216,"minecraft:smoker":1,"minecraft:emerald":468,"minecraft:cauldron":4,"minecraft:crafting_table":3,"minecraft:wooden_pickaxe":2,"minecraft:iron_helmet":11,"minecraft:fletching_table":5,"minecraft:brewing_stand":1,"minecraft:birch_planks":20,"sophisticatedbackpacks:upgrade_base":1,"minecraft:iron_chestplate":2,"minecraft:diamond_pickaxe":1,"minecraft:charcoal":6,"minecraft:shield":3,"minecraft:stick":14696,"minecraft:iron_ingot":106,"minecraft:iron_pickaxe":6,"minecraft:stone_sword":1,"minecraft:gold_ingot":111,"minecraft:golden_carrot":22,"minecraft:cherry_planks":7659,"minecraft:furnace":2,"minecraft:flint_and_steel":1,"minecraft:lantern":3,"minecraft:iron_axe":3,"taxov:marine_axe":1,"minecraft:cherry_stairs":48,"minecraft:stone_pickaxe":1,"minecraft:golden_helmet":1,"minecraft:cherry_fence_gate":2,"minecraft:glistering_melon_slice":1,"minecraft:cooked_beef":6,"minecraft:enchanting_table":1,"minecraft:iron_sword":3,"minecraft:bucket":3,"minecraft:stone_axe":28,"minecraft:enchanted_book":1,"minecraft:air":0,"minecraft:jungle_planks":36,"minecraft:golden_apple":6,"minecraft:gold_nugget":180,"minecraft:iron_shovel":1,"minecraft:iron_leggings":1,"sophisticatedbackpacks:smoking_upgrade":1,"minecraft:white_bed":3,"minecraft:torch":196},"minecraft:mined":{"minecraft:white_bed":1,"minecraft:cherry_log":1926,"minecraft:obsidian":21,"minecraft:grass_block":714,"snifferplus:fiddlefern":1,"minecraft:jungle_log":9,"minecraft:cracked_polished_blackstone_bricks":17,"minecraft:nether_wart":4,"minecraft:gilded_blackstone":8,"minecraft:spawner":3,"snifferplus:stone_pine_log":25,"minecraft:polished_blackstone_bricks":55,"minecraft:magma_block":10,"minecraft:iron_ore":114,"minecraft:fire":25,"minecraft:pumpkin":1,"minecraft:fletching_table":2,"minecraft:pointed_dripstone":6,"minecraft:water_cauldron":1,"minecraft:azalea_leaves":2,"minecraft:orange_bed":7,"minecraft:soul_fire":3,"minecraft:torch":5,"minecraft:melon":7,"minecraft:chest":3,"minecraft:cobblestone":45,"minecraft:wall_torch":7,"minecraft:cherry_slab":3,"minecraft:pink_petals":36,"minecraft:skeleton_skull":2,"minecraft:cherry_fence":4,"snifferplus:stone_pine_planks":23,"minecraft:birch_log":5,"minecraft:grass":109,"minecraft:oak_log":265,"minecraft:sand":16,"minecraft:dirt":605,"minecraft:oak_leaves":2,"minecraft:deepslate":13,"minecraft:tuff":12,"minecraft:cherry_sapling":4,"morevillagers:gardening_table":1,"minecraft:decorated_pot":2,"minecraft:large_fern":2,"minecraft:hay_block":7,"minecraft:furnace":15,"minecraft:andesite":2,"morevillagers:hunting_post":5,"minecraft:gold_block":10,"minecraft:bookshelf":13,"minecraft:deepslate_iron_ore":13,"minecraft:vine":2,"minecraft:stripped_oak_log":4,"snifferplus:tall_fiddlefern":1,"minecraft:bamboo":7,"minecraft:stone":495,"minecraft:cherry_fence_gate":3,"minecraft:cherry_stairs":11,"minecraft:podzol":2,"minecraft:smithing_table":1,"minecraft:cherry_planks":11,"minecraft:soul_sand":16,"minecraft:dandelion":1,"minecraft:crafting_table":19,"taxov:block_sailor":1,"minecraft:emerald_ore":1,"minecraft:lectern":59,"snifferplus:stone_pine_sapling":1,"minecraft:tall_grass":49,"minecraft:deepslate_gold_ore":15,"minecraft:yellow_bed":2,"minecraft:coal_ore":147,"minecraft:cherry_leaves":8,"minecraft:gravel":70,"minecraft:fern":3,"paraglider:goddess_statue":2},"minecraft:broken":{"minecraft:golden_helmet":1,"minecraft:iron_boots":1,"minecraft:stone_axe":13,"taxov:marine_axe":1,"minecraft:shield":1,"minecraft:iron_axe":1,"minecraft:iron_pickaxe":1},"minecraft:killed":{"minecraft:witch":2,"minecraft:spider":5,"minecraft:skeleton":18,"minecraft:piglin_brute":5,"minecraft:piglin":4,"minecraft:pig":7,"minecraft:zombie_villager":2,"minecraft:creeper":1,"minecraft:sheep":15,"minecraft:zombie":44,"minecraft:blaze":29,"minecraft:cow":15,"minecraft:drowned":1,"minecraft:bat":1},"minecraft:picked_up":{"minecraft:flower_pot":1,"minecraft:smithing_table":1,"minecraft:gilded_blackstone":6,"tombstone:grave_key":1,"paraglider:goddess_statue":2,"minecraft:string":6,"minecraft:raw_copper":1,"minecraft:gold_nugget":6,"minecraft:cobbled_deepslate":18,"minecraft:azalea":1,"minecraft:melon_slice":78,"minecraft:furnace":15,"snifferplus:stone_pine_planks":69,"minecraft:stick":484,"minecraft:torch":15,"minecraft:porkchop":17,"minecraft:cherry_log":1852,"minecraft:pointed_dripstone":11,"tombstone:grave_dust":14,"morevillagers:hunting_post":5,"minecraft:golden_chestplate":1,"minecraft:orange_bed":7,"minecraft:stone_sword":1,"minecraft:rotten_flesh":48,"minecraft:blaze_rod":13,"minecraft:obsidian":20,"minecraft:cobblestone":556,"minecraft:birch_log":5,"minecraft:pink_petals":146,"minecraft:magma_block":11,"minecraft:cherry_planks":12,"minecraft:andesite":2,"minecraft:jungle_log":9,"minecraft:potato":2,"paraglider:spirit_orb":6,"minecraft:flint":10,"minecraft:tuff":12,"minecraft:cherry_fence":4,"minecraft:dirt":1335,"minecraft:bone":22,"minecraft:wheat_seeds":49,"minecraft:raw_gold":23,"minecraft:rabbit":1,"minecraft:fletching_table":7,"minecraft:bamboo":80,"minecraft:oak_planks":4,"minecraft:sand":18,"snifferplus:stone_pine_log":27,"minecraft:angler_pottery_sherd":4,"waystones:waystone":3,"minecraft:cracked_polished_blackstone_bricks":17,"minecraft:emerald":1,"minecraft:chainmail_helmet":1,"minecraft:oak_sapling":57,"minecraft:cherry_slab":3,"minecraft:crafting_table":21,"minecraft:nether_wart":6,"minecraft:wooden_pickaxe":1,"minecraft:gold_block":10,"minecraft:moss_carpet":5,"minecraft:iron_axe":1,"morevillagers:gardening_table":1,"minecraft:beef":42,"minecraft:oak_boat":1,"minecraft:jungle_sapling":3,"minecraft:lectern":59,"minecraft:chest":3,"minecraft:egg":2,"minecraft:raw_iron":151,"minecraft:cherry_stairs":11,"minecraft:polished_blackstone_bricks":52,"minecraft:cherry_fence_gate":3,"minecraft:arrow":16,"minecraft:decorated_pot":1,"minecraft:hay_block":7,"minecraft:gold_ingot":1,"sophisticatedbackpacks:copper_backpack":2,"minecraft:mutton":24,"minecraft:white_wool":25,"minecraft:skeleton_skull":2,"minecraft:stripped_oak_log":4,"snifferplus:stone_pine_sapling":14,"minecraft:glow_ink_sac":2,"minecraft:leather":9,"minecraft:oak_log":207,"minecraft:lily_pad":19,"minecraft:yellow_bed":2,"minecraft:apple":8,"snifferplus:stone_pine_boat":2,"minecraft:rabbit_hide":1,"minecraft:stone_pickaxe":1,"minecraft:glass_bottle":2,"minecraft:soul_sand":16,"minecraft:book":39,"minecraft:pumpkin":1,"minecraft:birch_boat":5,"minecraft:dandelion":2,"minecraft:gravel":77,"minecraft:white_bed":1,"minecraft:spider_eye":1,"taxov:block_sailor":1,"minecraft:brewer_pottery_sherd":8,"minecraft:stone_axe":1,"minecraft:painting":19,"minecraft:cherry_sapling":752,"minecraft:coal":180},"minecraft:dropped":{"minecraft:iron_sword":1,"minecraft:birch_planks":1,"minecraft:oak_log":45,"minecraft:glass_bottle":5,"minecraft:crafting_table":1,"minecraft:fletching_table":10,"minecraft:dirt":22,"minecraft:jungle_sapling":3,"minecraft:gold_nugget":1,"minecraft:bone_meal":3,"minecraft:sand":3,"minecraft:iron_pickaxe":3,"minecraft:glistering_melon_slice":1,"minecraft:sugar":1,"minecraft:white_wool":10,"minecraft:gold_ingot":1,"minecraft:bone":2,"minecraft:stone_axe":16,"minecraft:iron_nugget":8,"minecraft:golden_chestplate":1,"minecraft:cherry_sapling":468,"minecraft:oak_planks":38,"minecraft:diamond_shovel":2,"minecraft:gunpowder":2,"minecraft:iron_ingot":4,"morevillagers:hunting_post":2,"minecraft:wheat_seeds":20,"minecraft:smithing_table":1,"minecraft:golden_horse_armor":1,"minecraft:cobblestone":3,"minecraft:iron_helmet":10,"morevillagers:gardening_table":1,"minecraft:coal":2,"minecraft:stick":114,"minecraft:torch":1,"tombstone:grave_key":1,"minecraft:rabbit":1,"minecraft:iron_axe":1,"minecraft:string":2,"minecraft:pink_petals":6,"minecraft:lily_pad":10,"minecraft:moss_carpet":1,"snifferplus:stone_pine_planks":2,"minecraft:stone_sword":1,"minecraft:raw_copper":1,"minecraft:raw_iron":44,"snifferplus:stone_pine_sapling":3,"minecraft:oak_sapling":38,"snifferplus:stone_pine_boat":1,"minecraft:birch_boat":1,"sophisticatedbackpacks:copper_backpack":1,"minecraft:stone_pickaxe":2,"minecraft:wooden_pickaxe":2,"minecraft:magma_block":1},"minecraft:used":{"minecraft:cherry_sapling":262,"minecraft:iron_shovel":63,"snifferplus:stone_pine_boat":2,"minecraft:decorated_pot":1,"minecraft:chest":4,"minecraft:shield":73,"minecraft:iron_sword":497,"minecraft:nether_wart":1,"minecraft:rotten_flesh":41,"paraglider:goddess_statue":2,"minecraft:soul_sand":16,"minecraft:mutton":13,"minecraft:tuff":12,"minecraft:obsidian":12,"minecraft:lava_bucket":18,"minecraft:lantern":3,"minecraft:magma_block":7,"minecraft:furnace":15,"minecraft:oak_sapling":19,"minecraft:skeleton_skull":2,"minecraft:egg":2,"minecraft:potato":2,"minecraft:stone_pickaxe":102,"minecraft:oak_planks":7,"minecraft:wooden_pickaxe":20,"minecraft:white_wool":5,"minecraft:golden_apple":9,"snifferplus:stone_pine_planks":73,"waystones:waystone":3,"minecraft:melon_slice":77,"minecraft:lectern":59,"taxov:marine_axe":244,"minecraft:gravel":74,"minecraft:andesite":2,"minecraft:oak_boat":1,"minecraft:azalea":1,"minecraft:enchanting_table":1,"minecraft:flint_and_steel":1,"minecraft:orange_bed":7,"minecraft:torch":210,"minecraft:brewing_stand":1,"minecraft:dirt":881,"minecraft:golden_chestplate":1,"minecraft:bookshelf":30,"minecraft:iron_axe":359,"minecraft:cherry_slab":5,"minecraft:cherry_fence_gate":5,"minecraft:bamboo":17,"minecraft:golden_carrot":5,"tombstone:gift":4,"minecraft:cooked_beef":34,"minecraft:cobbled_deepslate":18,"minecraft:cherry_fence":215,"minecraft:cherry_log":1,"minecraft:pointed_dripstone":11,"minecraft:cooked_mutton":11,"minecraft:water_bucket":20,"taxov:block_sailor":1,"minecraft:birch_boat":5,"minecraft:cherry_planks":504,"minecraft:cauldron":4,"minecraft:fletching_table":2,"minecraft:polished_blackstone_bricks":32,"minecraft:gilded_blackstone":3,"minecraft:crafting_table":22,"morevillagers:hunting_post":3,"minecraft:white_bed":4,"minecraft:painting":19,"minecraft:oak_log":4,"minecraft:diamond_pickaxe":302,"minecraft:apple":2,"minecraft:diamond_shovel":1301,"minecraft:cracked_polished_blackstone_bricks":2,"minecraft:iron_pickaxe":619,"minecraft:stone_axe":2090,"minecraft:pink_petals":58,"minecraft:potion":5,"minecraft:cobblestone":340,"minecraft:cherry_stairs":51,"minecraft:porkchop":8,"minecraft:bucket":39,"minecraft:yellow_bed":2,"minecraft:dandelion":2}},"DataVersion":3465}