{"stats":{"minecraft:custom":{"minecraft:interact_with_crafting_table":105,"minecraft:open_barrel":38,"minecraft:leave_game":5,"minecraft:time_since_death":150282,"minecraft:sprint_one_cm":1405694,"minecraft:damage_blocked_by_shield":6294,"minecraft:drop":230,"minecraft:talked_to_villager":346,"minecraft:play_time":705663,"minecraft:deaths":10,"minecraft:jump":8467,"minecraft:interact_with_brewingstand":40,"minecraft:walk_on_water_one_cm":75888,"minecraft:interact_with_furnace":124,"minecraft:traded_with_villager":584,"minecraft:sleep_in_bed":18,"minecraft:waystone_activated":5,"minecraft:damage_dealt":34242,"minecraft:player_kills":1,"minecraft:crouch_one_cm":65441,"tombstone:undead_killed":92,"minecraft:use_cauldron":11,"minecraft:interact_with_smithing_table":2,"minecraft:interact_with_anvil":1,"minecraft:mob_kills":187,"minecraft:fill_cauldron":1,"minecraft:damage_dealt_resisted":411,"minecraft:climb_one_cm":12145,"minecraft:walk_one_cm":1942584,"minecraft:sneak_time":25357,"minecraft:walk_under_water_one_cm":95661,"minecraft:boat_one_cm":771436,"minecraft:interact_with_blast_furnace":2,"minecraft:total_world_time":705663,"tombstone:raider_killed":6,"minecraft:time_since_rest":19140,"minecraft:damage_taken":12820,"minecraft:damage_absorbed":472,"minecraft:swim_one_cm":218638,"minecraft:fly_one_cm":1625472,"minecraft:open_chest":486,"minecraft:fall_one_cm":220220},"minecraft:used":{"minecraft:moss_carpet":1,"minecraft:cherry_sapling":264,"minecraft:iron_shovel":63,"minecraft:shield":106,"minecraft:diamond_hoe":33,"snifferplus:stone_pine_boat":2,"minecraft:decorated_pot":1,"minecraft:chest":6,"minecraft:iron_sword":695,"minecraft:nether_wart":17,"minecraft:rotten_flesh":41,"minecraft:iron_chestplate":1,"paraglider:goddess_statue":2,"minecraft:mutton":13,"minecraft:soul_sand":37,"minecraft:tuff":12,"minecraft:obsidian":12,"minecraft:lava_bucket":18,"minecraft:lantern":11,"minecraft:polished_blackstone_brick_wall":1,"minecraft:magma_block":7,"minecraft:oak_sapling":19,"minecraft:furnace":15,"minecraft:skeleton_skull":2,"minecraft:egg":2,"minecraft:potato":2,"minecraft:stone_pickaxe":102,"minecraft:oak_planks":41,"minecraft:blackstone":5,"minecraft:wooden_pickaxe":20,"minecraft:sugar_cane":4,"minecraft:white_wool":5,"minecraft:glow_berries":8,"minecraft:golden_apple":12,"snifferplus:stone_pine_planks":73,"waystones:waystone":4,"minecraft:melon_slice":77,"minecraft:bread":15,"minecraft:lectern":87,"taxov:marine_axe":244,"minecraft:gravel":74,"minecraft:andesite":2,"minecraft:chain":3,"minecraft:oak_boat":1,"minecraft:cherry_boat":1,"minecraft:azalea":1,"minecraft:enchanting_table":1,"minecraft:flint_and_steel":1,"minecraft:cooked_salmon":4,"minecraft:netherrack":67,"minecraft:orange_bed":7,"minecraft:torch":210,"minecraft:brewing_stand":2,"minecraft:dirt":949,"minecraft:golden_chestplate":1,"minecraft:bookshelf":30,"minecraft:iron_axe":479,"minecraft:cherry_slab":5,"minecraft:cherry_fence_gate":5,"minecraft:bamboo":17,"minecraft:golden_carrot":8,"minecraft:soul_soil":10,"tombstone:gift":4,"minecraft:cooked_beef":52,"minecraft:cobbled_deepslate":18,"minecraft:cherry_fence":215,"minecraft:cherry_log":1,"minecraft:pointed_dripstone":11,"minecraft:cooked_mutton":11,"minecraft:water_bucket":30,"taxov:block_sailor":1,"minecraft:glass_bottle":16,"minecraft:birch_boat":5,"minecraft:cherry_planks":556,"minecraft:cauldron":4,"minecraft:fletching_table":2,"minecraft:polished_blackstone_bricks":38,"minecraft:gilded_blackstone":3,"minecraft:crafting_table":24,"morevillagers:hunting_post":3,"minecraft:white_bed":4,"minecraft:painting":19,"minecraft:oak_log":4,"minecraft:diamond_pickaxe":452,"minecraft:apple":2,"minecraft:diamond_shovel":1328,"minecraft:cracked_polished_blackstone_bricks":7,"minecraft:iron_pickaxe":687,"minecraft:stone_axe":2090,"minecraft:pink_petals":58,"minecraft:cherry_stairs":51,"minecraft:cobblestone":426,"minecraft:potion":12,"minecraft:porkchop":8,"minecraft:bucket":50,"minecraft:yellow_bed":3,"minecraft:dandelion":2,"minecraft:splash_potion":2,"minecraft:candle":4},"minecraft:crafted":{"minecraft:oak_planks":668,"minecraft:cherry_slab":6,"minecraft:birch_boat":1,"minecraft:cherry_boat":1,"sophisticatedbackpacks:crafting_upgrade":1,"minecraft:diamond_shovel":5,"minecraft:bookshelf":30,"snifferplus:stone_pine_boat":1,"minecraft:glass":15,"snifferplus:stone_pine_planks":72,"minecraft:iron_boots":2,"minecraft:chest":4,"minecraft:cherry_fence":216,"minecraft:smoker":1,"minecraft:glass_bottle":6,"sophisticatedbackpacks:backpack":1,"minecraft:emerald":480,"minecraft:cauldron":4,"minecraft:crafting_table":4,"minecraft:wooden_pickaxe":2,"minecraft:iron_helmet":11,"minecraft:fletching_table":5,"minecraft:birch_planks":20,"minecraft:brewing_stand":1,"sophisticatedbackpacks:upgrade_base":2,"minecraft:iron_chestplate":2,"minecraft:diamond_pickaxe":1,"minecraft:charcoal":6,"minecraft:shield":3,"minecraft:stick":14700,"minecraft:iron_ingot":124,"minecraft:iron_pickaxe":6,"minecraft:stone_sword":1,"minecraft:gold_ingot":111,"minecraft:golden_carrot":22,"minecraft:cherry_planks":7715,"minecraft:raw_iron":18,"minecraft:coal":18,"minecraft:furnace":2,"minecraft:flint_and_steel":1,"minecraft:lantern":11,"minecraft:iron_axe":3,"minecraft:cherry_stairs":48,"taxov:marine_axe":1,"minecraft:stone_pickaxe":1,"minecraft:golden_helmet":1,"minecraft:cherry_fence_gate":2,"minecraft:glistering_melon_slice":1,"sophisticatedbackpacks:iron_backpack":1,"minecraft:cooked_beef":21,"minecraft:enchanting_table":1,"minecraft:iron_sword":4,"minecraft:bucket":3,"minecraft:stone_axe":28,"minecraft:enchanted_book":1,"minecraft:jungle_planks":36,"minecraft:air":0,"minecraft:golden_apple":11,"minecraft:gold_nugget":180,"minecraft:iron_shovel":1,"minecraft:iron_leggings":2,"sophisticatedbackpacks:smoking_upgrade":1,"minecraft:white_bed":3,"minecraft:torch":196},"minecraft:mined":{"minecraft:dark_oak_planks":1,"minecraft:spruce_planks":3,"minecraft:white_bed":1,"minecraft:cherry_log":1939,"minecraft:brewing_stand":1,"minecraft:obsidian":21,"minecraft:cherry_trapdoor":1,"minecraft:grass_block":724,"snifferplus:fiddlefern":1,"minecraft:jungle_log":9,"minecraft:cracked_polished_blackstone_bricks":22,"minecraft:soul_soil":4,"minecraft:coal_block":2,"minecraft:nether_wart":9,"minecraft:gilded_blackstone":10,"minecraft:chiseled_stone_bricks":3,"minecraft:spawner":7,"snifferplus:stone_pine_log":25,"minecraft:polished_blackstone_bricks":62,"minecraft:magma_block":10,"minecraft:raw_iron_block":2,"minecraft:iron_ore":114,"minecraft:fire":26,"minecraft:pumpkin":1,"minecraft:fletching_table":2,"minecraft:pointed_dripstone":6,"minecraft:water_cauldron":1,"minecraft:oak_stairs":1,"minecraft:azalea_leaves":2,"minecraft:orange_bed":7,"minecraft:blackstone":8,"minecraft:soul_fire":27,"minecraft:torch":5,"minecraft:blast_furnace":1,"minecraft:melon":7,"minecraft:chest":3,"minecraft:nether_quartz_ore":18,"minecraft:cobblestone":60,"minecraft:sugar_cane":11,"minecraft:oak_planks":1,"minecraft:wall_torch":7,"minecraft:cherry_slab":3,"minecraft:skeleton_skull":2,"minecraft:pink_petals":36,"minecraft:chain":3,"minecraft:cherry_fence":4,"snifferplus:stone_pine_planks":23,"minecraft:birch_log":5,"minecraft:grass":117,"minecraft:oak_log":275,"minecraft:sand":16,"minecraft:dirt":607,"minecraft:wither_skeleton_skull":2,"minecraft:netherrack":116,"minecraft:oak_leaves":2,"minecraft:deepslate":13,"minecraft:tuff":12,"minecraft:candle":1,"minecraft:cherry_sapling":4,"minecraft:spruce_fence":2,"morevillagers:gardening_table":1,"minecraft:decorated_pot":2,"minecraft:large_fern":2,"minecraft:hay_block":31,"minecraft:furnace":15,"minecraft:andesite":2,"morevillagers:hunting_post":5,"minecraft:gold_block":10,"minecraft:bookshelf":17,"minecraft:deepslate_iron_ore":13,"minecraft:vine":2,"minecraft:lantern":1,"minecraft:stripped_oak_log":4,"snifferplus:tall_fiddlefern":1,"minecraft:bamboo":7,"minecraft:stone":513,"minecraft:cherry_fence_gate":3,"minecraft:cherry_stairs":11,"minecraft:smithing_table":1,"minecraft:podzol":2,"minecraft:cherry_planks":49,"minecraft:soul_sand":32,"minecraft:polished_blackstone_brick_wall":1,"minecraft:dandelion":1,"minecraft:crafting_table":21,"taxov:block_sailor":1,"minecraft:emerald_ore":1,"minecraft:sculk_sensor":1,"minecraft:lectern":88,"snifferplus:stone_pine_sapling":1,"minecraft:tall_grass":51,"minecraft:deepslate_gold_ore":15,"minecraft:spruce_stairs":2,"minecraft:sweet_berry_bush":1,"minecraft:yellow_bed":3,"minecraft:coal_ore":147,"minecraft:cherry_leaves":8,"minecraft:gravel":71,"minecraft:cobweb":19,"minecraft:polished_blackstone":1,"minecraft:fern":3,"paraglider:goddess_statue":2},"minecraft:picked_up":{"minecraft:flower_pot":1,"minecraft:smithing_table":1,"minecraft:oak_stairs":1,"minecraft:gilded_blackstone":7,"tombstone:grave_key":1,"minecraft:brewing_stand":1,"paraglider:goddess_statue":2,"minecraft:string":24,"minecraft:soul_soil":10,"minecraft:raw_copper":1,"minecraft:cherry_boat":1,"minecraft:diamond_leggings":1,"minecraft:gold_nugget":6,"minecraft:cobbled_deepslate":18,"minecraft:spruce_planks":3,"minecraft:azalea":1,"minecraft:coal_block":2,"minecraft:melon_slice":78,"minecraft:furnace":15,"snifferplus:stone_pine_planks":69,"minecraft:stick":487,"minecraft:torch":16,"minecraft:spruce_stairs":2,"minecraft:porkchop":17,"minecraft:cherry_log":1866,"minecraft:pointed_dripstone":11,"tombstone:grave_dust":22,"morevillagers:hunting_post":5,"minecraft:golden_chestplate":1,"minecraft:orange_bed":7,"minecraft:stone_sword":1,"minecraft:rotten_flesh":65,"minecraft:blaze_rod":14,"minecraft:obsidian":20,"minecraft:cobblestone":587,"minecraft:birch_log":5,"minecraft:pink_petals":146,"minecraft:magma_block":11,"minecraft:cherry_planks":39,"minecraft:andesite":2,"minecraft:jungle_log":9,"minecraft:potato":2,"paraglider:spirit_orb":14,"minecraft:flint":10,"minecraft:tuff":12,"minecraft:cherry_fence":4,"minecraft:wither_skeleton_skull":2,"minecraft:dirt":1346,"minecraft:bone":22,"minecraft:wheat_seeds":54,"minecraft:raw_gold":23,"minecraft:fletching_table":7,"minecraft:rabbit":1,"minecraft:diamond_helmet":1,"minecraft:bamboo":80,"minecraft:oak_planks":5,"minecraft:sand":18,"minecraft:bundle":2,"snifferplus:stone_pine_log":27,"minecraft:angler_pottery_sherd":4,"waystones:waystone":4,"minecraft:cracked_polished_blackstone_bricks":22,"minecraft:emerald":1,"minecraft:chainmail_helmet":1,"minecraft:oak_sapling":57,"minecraft:cherry_slab":3,"minecraft:netherrack":109,"minecraft:crafting_table":23,"minecraft:nether_wart":20,"minecraft:wooden_pickaxe":1,"minecraft:gold_block":10,"minecraft:chain":3,"minecraft:moss_carpet":6,"minecraft:iron_axe":1,"minecraft:blackstone":5,"morevillagers:gardening_table":1,"minecraft:candle":4,"minecraft:beef":42,"minecraft:oak_boat":1,"minecraft:jungle_sapling":3,"minecraft:lectern":87,"minecraft:sugar_cane":29,"minecraft:chest":3,"minecraft:egg":2,"minecraft:raw_iron":151,"minecraft:cherry_stairs":11,"minecraft:spruce_fence":1,"minecraft:polished_blackstone_bricks":58,"minecraft:dark_oak_planks":1,"minecraft:cherry_fence_gate":3,"minecraft:arrow":17,"minecraft:diamond_chestplate":1,"minecraft:decorated_pot":1,"minecraft:diamond_boots":1,"minecraft:hay_block":30,"sophisticatedbackpacks:copper_backpack":4,"minecraft:gold_ingot":1,"minecraft:mutton":24,"minecraft:skeleton_skull":2,"minecraft:white_wool":25,"minecraft:stripped_oak_log":4,"snifferplus:stone_pine_sapling":14,"minecraft:glow_ink_sac":2,"minecraft:leather":9,"minecraft:oak_log":217,"minecraft:lily_pad":19,"minecraft:yellow_bed":3,"minecraft:gunpowder":3,"minecraft:apple":8,"snifferplus:stone_pine_boat":2,"minecraft:rabbit_hide":1,"minecraft:stone_pickaxe":1,"minecraft:glass_bottle":3,"minecraft:soul_sand":37,"minecraft:book":51,"minecraft:birch_boat":5,"minecraft:pumpkin":1,"minecraft:chiseled_stone_bricks":3,"minecraft:quartz":17,"minecraft:dandelion":2,"minecraft:raw_iron_block":2,"minecraft:gravel":78,"minecraft:blast_furnace":1,"minecraft:white_bed":1,"minecraft:spider_eye":2,"taxov:block_sailor":1,"minecraft:brewer_pottery_sherd":8,"minecraft:stone_axe":1,"minecraft:iron_helmet":7,"minecraft:painting":19,"minecraft:cherry_sapling":754,"minecraft:polished_blackstone_brick_wall":1,"minecraft:melon_seeds":1,"minecraft:coal":180},"minecraft:killed_by":{"minecraft:zombie_villager":1,"minecraft:creeper":1,"minecraft:blaze":2,"minecraft:witch":1,"minecraft:skeleton":4},"minecraft:dropped":{"minecraft:iron_sword":1,"minecraft:birch_planks":1,"minecraft:oak_log":45,"minecraft:glass_bottle":8,"minecraft:crafting_table":1,"minecraft:fletching_table":10,"minecraft:emerald":81,"minecraft:dirt":22,"minecraft:jungle_sapling":3,"minecraft:gold_nugget":1,"minecraft:bone_meal":3,"minecraft:sand":3,"minecraft:sugar":1,"minecraft:glistering_melon_slice":1,"minecraft:iron_pickaxe":5,"minecraft:dark_oak_planks":1,"minecraft:white_wool":10,"minecraft:bone":2,"minecraft:gold_ingot":1,"minecraft:stone_axe":16,"minecraft:iron_nugget":8,"minecraft:golden_chestplate":1,"minecraft:cherry_sapling":468,"minecraft:oak_planks":38,"minecraft:diamond_shovel":4,"minecraft:gunpowder":2,"minecraft:iron_ingot":4,"morevillagers:hunting_post":2,"minecraft:wheat_seeds":22,"minecraft:smithing_table":1,"minecraft:golden_horse_armor":1,"minecraft:diamond_leggings":1,"minecraft:iron_helmet":17,"minecraft:cobblestone":7,"morevillagers:gardening_table":1,"minecraft:spruce_stairs":2,"minecraft:coal":2,"minecraft:golden_apple":1,"minecraft:stick":115,"minecraft:torch":2,"tombstone:grave_key":1,"minecraft:rabbit":1,"minecraft:potion":6,"minecraft:oak_stairs":1,"minecraft:iron_axe":1,"minecraft:string":2,"minecraft:pink_petals":6,"minecraft:lily_pad":10,"minecraft:moss_carpet":1,"snifferplus:stone_pine_planks":2,"minecraft:stone_sword":1,"minecraft:raw_copper":1,"minecraft:raw_iron":44,"minecraft:wither_skeleton_skull":2,"minecraft:spruce_fence":1,"minecraft:blast_furnace":1,"snifferplus:stone_pine_sapling":3,"minecraft:spruce_planks":3,"minecraft:bundle":1,"minecraft:oak_sapling":38,"snifferplus:stone_pine_boat":1,"minecraft:birch_boat":1,"sophisticatedbackpacks:copper_backpack":4,"minecraft:stone_pickaxe":2,"minecraft:wooden_pickaxe":2,"minecraft:magma_block":1},"minecraft:killed":{"minecraft:witch":6,"minecraft:spider":6,"minecraft:skeleton":19,"minecraft:piglin_brute":5,"minecraft:piglin":5,"minecraft:pig":7,"minecraft:zombie_villager":2,"minecraft:creeper":1,"minecraft:sheep":15,"minecraft:zombie":70,"minecraft:cow":15,"minecraft:blaze":30,"minecraft:drowned":1,"minecraft:bat":1},"minecraft:broken":{"minecraft:golden_helmet":1,"minecraft:iron_boots":1,"minecraft:iron_leggings":1,"minecraft:stone_axe":13,"minecraft:iron_sword":1,"taxov:marine_axe":1,"minecraft:shield":1,"minecraft:iron_axe":1,"minecraft:iron_pickaxe":1}},"DataVersion":3465}